{"train_loss": 189.95051023134346, "_timestamp": 1648183444, "_runtime": 45, "_step": 1, "test_loss": 50.018026208771786, "_wandb": {"runtime": 56}}